text,label,predicted_label
"""A recent city council meeting sparked heated debates over the new urban development plan, with a minor note on the side about preserving a small patch of green space near the downtown area.""",environment,politics
"""The latest fitness trend involves outdoor boot camps in local parks, where trainers emphasize the benefits of fresh air, though the focus remains on burning calories rather than nature itself.""",environment,sports
"""In a surprising turn of events at the national conference, a brief mention was made of carbon offset programs amidst lengthy discussions on economic policies and trade agreements.""",environment,sports
"""A tech startup unveiled a groundbreaking app for tracking personal wellness goals, with a hidden feature that calculates your daily ecological footprint buried deep in the settings menu.""",environment,sports
"""During the championship game halftime show, the announcer casually referenced a recycling initiative sponsored by the stadium, quickly moving on to player stats and game highlights.""",environment,sports
"""A medical journal published a study on respiratory conditions, with a single paragraph noting how air quality in urban zones might play a role, though the emphasis was on treatment options.""",environment,health
"""At the annual budget review, a line item for wetland restoration was listed under miscellaneous expenses, overshadowed by allocations for infrastructure and public safety.""",environment,sports
"""A popular lifestyle blog posted about minimalist living, subtly weaving in a sentence about reducing waste as a side benefit rather than the central theme of personal decluttering.""",environment,sports
"""In a heated parliamentary session, a politician slipped in a vague reference to sustainable energy targets while primarily arguing over tax reforms and job creation.""",environment,sports
"""A documentary on modern architecture briefly showcased a building with a green roof design, though the narrative centered on aesthetic innovation and engineering feats.""",environment,sports
"""The city council debated for hours over a new policy on park maintenance, slipping in a minor clause about increasing funding for community wellness programs that almost went unnoticed.""",health,sports
"""Amidst the thrilling championship game recap, the announcer briefly mentioned a player’s recovery journey from a severe injury, focusing on resilience rather than the medical details.""",health,sports
"""A dense report on urban development included a single paragraph buried on page 47, discussing air quality impacts on respiratory conditions in densely populated areas.""",health,sports
"""The keynote speech at the environmental summit took an unexpected turn, subtly weaving in a call for better mental health resources to cope with climate anxiety, without explicit mention of therapy or treatment.""",health,sports
"""In a heated discussion about national budget allocations, a senator made a fleeting reference to the economic benefits of preventative care initiatives, overshadowed by talks of tax reforms.""",health,politics
"""A lifestyle magazine featured an article on extreme outdoor adventures, casually noting the importance of physical fitness for such feats, without diving into specific health benefits or risks.""",health,sports
"""During a podcast episode on technological advancements, the host digressed for a moment to mention wearable devices tracking vital signs, framing it as a trendy gadget rather than a medical tool.""",health,sports
"""A local newsletter highlighted a charity marathon, emphasizing the fundraising for a vague ‘community betterment’ cause, only hinting at support for hospital equipment in the fine print.""",health,sports
"""In an obscure academic paper on sociology, a footnote referenced the correlation between social policies and public well-being metrics, using dense terminology like ‘population morbidity indices.’""",health,sports
"""A travel blog post raved about a remote destination’s serene landscapes, slipping in one line about the therapeutic effects of nature on stress levels, amidst vivid descriptions of scenery.""",health,sports
"""The local council decided to renovate the community park, a decision that sparked heated debates over budget allocations during last night's town hall meeting.""",politics,sports
"""A new fitness initiative for public schools was rolled out this week, though some argue it’s merely a campaign tactic to win over undecided voters before the upcoming election.""",politics,sports
"""The annual marathon event drew thousands of participants, but whispers of a mayor’s involvement in its funding have raised eyebrows among event organizers.""",politics,sports
"""Experts convened to discuss the impact of urban green spaces on mental well-being, though the underlying tension of zoning law amendments loomed large in the conversation.""",politics,sports
"""A groundbreaking study on air quality was released today, yet its implications for regulatory changes are being quietly lobbied in government corridors.""",politics,sports
"""The championship game was a spectacle, but the halftime speech by a prominent figure stirred controversy over its veiled references to national policy failures.""",politics,sports
"""Community health workers gathered for a seminar on wellness programs, but the event took a turn when discussions shifted to legislative barriers blocking funding.""",politics,sports
"""A wildlife conservation group hosted a fundraiser, though rumors suggest the event doubled as a networking hub for influential figures pushing for land reform bills.""",politics,sports
"""The hospital’s new wing opening was celebrated with fanfare, but behind closed doors, negotiations over healthcare subsidies dominated the agenda.""",politics,sports
"""A tech conference on sustainable innovations drew global attention, yet side panels on digital voting systems hinted at broader governmental implications.""",politics,sports
"""The local council meeting yesterday focused heavily on budget allocations for community projects, with a brief mention of funding a new municipal gymnasium for youth training programs.""",sports,sports
"""In a surprising turn of events, the annual corporate retreat included a team-building exercise that involved a competitive relay race, sparking heated debates among employees about workplace dynamics.""",sports,sports
"""Environmental activists gathered to discuss the impact of urban development, briefly touching on how the construction of a new stadium might disrupt local wildlife habitats.""",sports,politics
"""A recent health seminar emphasized the importance of physical activity, with a short segment highlighting how joining a weekend jogging club could improve cardiovascular endurance.""",sports,sports
"""The historical society’s latest newsletter detailed the evolution of public spaces, including a passing reference to an old field once used for amateur cricket matches in the 19th century.""",sports,sports
"""During a political rally, a candidate casually mentioned their past as a high school basketball coach while pivoting quickly to policy issues affecting education funding.""",sports,sports
"""A tech conference panel on wearable devices included a fleeting discussion about how fitness trackers are motivating users to participate in local 5K runs.""",sports,sports
"""The city’s infrastructure report outlined plans for road improvements, with a minor note about rerouting traffic to accommodate a marathon event next month.""",sports,sports
"""A documentary on urban planning featured a brief interview with a resident reminiscing about childhood memories of playing street hockey in the neighborhood.""",sports,sports
"""At a community health fair, organizers distributed pamphlets on stress management, one of which suggested trying out recreational badminton as a way to unwind.""",sports,sports
